{
	"ambient": {
		"x": 0.10000000149011612,
		"y": 0.10000000149011612,
		"z": 0.10000000149011612
	},
	"default_material": "null",
	"lights": [
		{
			"color": {
				"x": 1.0,
				"y": 1.0,
				"z": 1.0
			},
			"position": {
				"x": -4.5,
				"y": 10.0,
				"z": 5.0
			},
			"range": 100.0
		},
		{
			"color": {
				"x": 1.0,
				"y": 1.0,
				"z": 1.0
			},
			"position": {
				"x": 0.0,
				"y": 0.0,
				"z": 5.0
			},
			"range": 100.0
		},
		{
			"color": {
				"x": 1.0,
				"y": 1.0,
				"z": 1.0
			},
			"position": {
				"x": 10.5,
				"y": -10.0,
				"z": 8.0
			},
			"range": 100.0
		}
	],
	"main_camera": "caf3c2cd-a549-df41-8be4-dd0b9ff734ce",
	"objects": [
		{
			"children": [],
			"components": {
				"Gameplay::Camera": {
					"clear_color": {
						"w": -431602080.0,
						"x": -431602080.0,
						"y": -431602080.0,
						"z": -431602080.0
					},
					"enabled": true,
					"far_plane": 1000.0,
					"fov_radians": 1.5707963705062866,
					"guid": "caf3c2cd-a549-df41-8be4-dd0b9ff734ce",
					"near_plane": 0.10000000149011612,
					"ortho_enabled": false,
					"ortho_size": 10.0
				},
				"SimpleCameraControl": {
					"enabled": true,
					"guid": "2d34fc31-bae7-4848-9241-c0c5e142128f",
					"mouse_sensitivity": {
						"x": 0.5,
						"y": 0.30000001192092896
					},
					"move_speed": {
						"x": 1.0,
						"y": 1.0,
						"z": 1.0
					},
					"shift_mult": 2.0
				}
			},
			"guid": "4906f1f4-3be0-8e41-bb5c-137e242af890",
			"hide_in_inspector": false,
			"name": "Main Camera",
			"parent": "null",
			"position": {
				"x": -15.0,
				"y": -3.0,
				"z": 10.0
			},
			"rotation": {
				"w": 0.6801841259002686,
				"x": 0.3679777681827545,
				"y": -0.3016695976257324,
				"z": -0.5576176047325134
			},
			"scale": {
				"x": 1.0,
				"y": 1.0,
				"z": 1.0
			}
		},
		{
			"children": [],
			"components": {
				"Gameplay::Physics::RigidBody": {
					"angular_damping": 0.004999999888241291,
					"colliders": [
						{
							"extents": {
								"x": 50.0,
								"y": 50.0,
								"z": 1.0
							},
							"guid": "0fdcd305-bd16-7546-8860-23f780aed312",
							"position": {
								"x": 0.0,
								"y": 0.0,
								"z": -1.0
							},
							"rotation": {
								"x": 0.0,
								"y": 0.0,
								"z": 0.0
							},
							"scale": {
								"x": 1.0,
								"y": 1.0,
								"z": 1.0
							},
							"type": "Box"
						}
					],
					"enabled": true,
					"group": 1,
					"guid": "041f6615-2214-c24f-a3a8-b2056c07e4ea",
					"linear_damping": 0.0,
					"mask": -1,
					"mass": 1.0,
					"type": "Static"
				},
				"RenderComponent": {
					"enabled": true,
					"guid": "c7338fcc-3124-4746-bc45-25d7d6e315c1",
					"material": "2683834a-7268-6b42-8be4-00157165962c",
					"mesh": "e215fa34-9cc2-1f42-9c10-58abd948d125"
				}
			},
			"guid": "903c238f-9eab-4740-ae96-27e6234727ab",
			"hide_in_inspector": false,
			"name": "Plane",
			"parent": "null",
			"position": {
				"x": 0.0,
				"y": 0.0,
				"z": 0.0
			},
			"rotation": {
				"w": 1.0,
				"x": 0.0,
				"y": 0.0,
				"z": 0.0
			},
			"scale": {
				"x": 1.0,
				"y": 1.0,
				"z": 1.0
			}
		},
		{
			"children": [],
			"components": {
				"Gameplay::Physics::RigidBody": {
					"angular_damping": 0.004999999888241291,
					"colliders": [
						{
							"extents": {
								"x": 0.10000000149011612,
								"y": 0.20000000298023224,
								"z": 0.800000011920929
							},
							"guid": "51168203-7b14-9f49-a250-bc878ea5eaed",
							"position": {
								"x": 0.0,
								"y": 0.0,
								"z": 0.0
							},
							"rotation": {
								"x": 0.0,
								"y": 0.0,
								"z": 0.0
							},
							"scale": {
								"x": 1.0,
								"y": 1.0,
								"z": 1.0
							},
							"type": "Box"
						}
					],
					"enabled": true,
					"group": 1,
					"guid": "c4dd39c6-ae55-ce40-a445-7a1a9c82cd1e",
					"linear_damping": 0.0,
					"mask": -1,
					"mass": 1.0,
					"type": "Kinematic"
				},
				"RenderComponent": {
					"enabled": true,
					"guid": "e8a831f2-d719-ff45-8d6e-9494e1fcf47e",
					"material": "76cfce60-d354-744f-ae16-a5d6c3e4fc4f",
					"mesh": "b4438bf1-07ba-9d4d-aecd-996dafae0060"
				},
				"VehicleMover": {
					"enabled": true,
					"guid": "35631407-d7e7-704a-beeb-03b60be3d077"
				}
			},
			"guid": "f7c38bff-ad44-b243-a4af-9d7b2c2a8530",
			"hide_in_inspector": false,
			"name": "RegularCar",
			"parent": "null",
			"position": {
				"x": -4.5,
				"y": 10.0,
				"z": 3.0
			},
			"rotation": {
				"w": 0.7071067690849304,
				"x": 0.7071067690849304,
				"y": 0.0,
				"z": 0.0
			},
			"scale": {
				"x": 1.0,
				"y": 1.0,
				"z": 1.0
			}
		},
		{
			"children": [],
			"components": {
				"Gameplay::Physics::RigidBody": {
					"angular_damping": 0.004999999888241291,
					"colliders": [
						{
							"extents": {
								"x": 0.10000000149011612,
								"y": 0.20000000298023224,
								"z": 0.800000011920929
							},
							"guid": "2f4d75dd-1980-494c-bdd0-08dbcc64b280",
							"position": {
								"x": 0.0,
								"y": 0.0,
								"z": 0.0
							},
							"rotation": {
								"x": 0.0,
								"y": 0.0,
								"z": 0.0
							},
							"scale": {
								"x": 1.0,
								"y": 1.0,
								"z": 1.0
							},
							"type": "Box"
						}
					],
					"enabled": true,
					"group": 1,
					"guid": "d9f6135d-52ee-014c-82fd-1bb9069c2ed4",
					"linear_damping": 0.0,
					"mask": -1,
					"mass": 1.0,
					"type": "Kinematic"
				},
				"RenderComponent": {
					"enabled": true,
					"guid": "c38cb073-f6b9-fc45-b83d-f4cd9e8c2c1e",
					"material": "708251b4-6bf8-a742-b812-c7820c7c9921",
					"mesh": "b99784dc-dc06-0046-a548-8ab5af6980b0"
				},
				"VehicleMover": {
					"enabled": true,
					"guid": "b01a0994-f5ca-e74a-bbef-201668090495"
				}
			},
			"guid": "42b64584-204f-ba43-9b29-e9e2d7313b74",
			"hide_in_inspector": false,
			"name": "PickupTruck",
			"parent": "null",
			"position": {
				"x": -4.5,
				"y": 30.0,
				"z": 2.0
			},
			"rotation": {
				"w": 0.7071067690849304,
				"x": 0.7071067690849304,
				"y": 0.0,
				"z": 0.0
			},
			"scale": {
				"x": 1.0,
				"y": 1.0,
				"z": 1.0
			}
		},
		{
			"children": [],
			"components": {
				"Gameplay::Physics::RigidBody": {
					"angular_damping": 0.004999999888241291,
					"colliders": [
						{
							"extents": {
								"x": 0.10000000149011612,
								"y": 0.20000000298023224,
								"z": 0.800000011920929
							},
							"guid": "ed777cea-fed5-b54c-baa2-ffd0492ece0a",
							"position": {
								"x": 0.0,
								"y": 0.0,
								"z": 0.0
							},
							"rotation": {
								"x": 0.0,
								"y": 0.0,
								"z": 0.0
							},
							"scale": {
								"x": 1.0,
								"y": 1.0,
								"z": 1.0
							},
							"type": "Box"
						}
					],
					"enabled": true,
					"group": 1,
					"guid": "ff29816c-dfd6-ab47-a20c-b14f8591c7e3",
					"linear_damping": 0.0,
					"mask": -1,
					"mass": 1.0,
					"type": "Kinematic"
				},
				"RenderComponent": {
					"enabled": true,
					"guid": "cb3c6310-4487-b94d-9cd9-1747791b7b52",
					"material": "71e5336a-11c8-444c-a7e7-74879c085d79",
					"mesh": "2dae022f-78a9-7040-9570-9f108feb501e"
				},
				"VehicleMover": {
					"enabled": true,
					"guid": "6eef7eeb-8ff5-1440-9a6b-1be922d824a0"
				}
			},
			"guid": "7d8d4bb3-2915-c741-b023-660fbf94db9f",
			"hide_in_inspector": false,
			"name": "SemiTruck",
			"parent": "null",
			"position": {
				"x": 10.5,
				"y": -10.0,
				"z": 2.0
			},
			"rotation": {
				"w": -3.0908619663705394e-08,
				"x": -3.0908619663705394e-08,
				"y": 0.7071067690849304,
				"z": 0.7071067690849304
			},
			"scale": {
				"x": 1.0,
				"y": 1.0,
				"z": 1.0
			}
		},
		{
			"children": [],
			"components": {
				"Gameplay::Physics::TriggerVolume": {
					"colliders": [
						{
							"guid": "ac022219-c6c9-6940-b9ee-ac85bbe583c9",
							"half_extents": {
								"x": 3.0,
								"y": 3.0,
								"z": 1.0
							},
							"position": {
								"x": 0.0,
								"y": 0.0,
								"z": 0.5
							},
							"rotation": {
								"x": 0.0,
								"y": 0.0,
								"z": 0.0
							},
							"scale": {
								"x": 1.0,
								"y": 1.0,
								"z": 1.0
							},
							"type": "Cylinder"
						}
					],
					"enabled": true,
					"group": 1,
					"guid": "f450d7cc-739d-014f-b46d-34ea3672b89a",
					"mask": -1
				},
				"TriggerVolumeEnterBehaviour": {
					"enabled": true,
					"guid": "3a9af72d-be2f-6c42-8ab0-f80bebec534c"
				}
			},
			"guid": "7a22b581-2892-5948-b0f0-a5823933d684",
			"hide_in_inspector": false,
			"name": "Trigger",
			"parent": "null",
			"position": {
				"x": 0.0,
				"y": 0.0,
				"z": 0.0
			},
			"rotation": {
				"w": 1.0,
				"x": 0.0,
				"y": 0.0,
				"z": 0.0
			},
			"scale": {
				"x": 1.0,
				"y": 1.0,
				"z": 1.0
			}
		},
		{
			"children": [],
			"components": {
				"ParticleSystem": {
					"emitters": [
						{
							"color": {
								"w": 1.0,
								"x": 0.0,
								"y": 0.0,
								"z": 1.0
							},
							"cone_angle": 0.0,
							"lifetime_range": {
								"x": 2.0,
								"y": 4.0
							},
							"position": {
								"x": 0.0,
								"y": 0.0,
								"z": 0.0
							},
							"spawn_rate": 0.10000000149011612,
							"velocity": {
								"x": 0.0,
								"y": -1.0,
								"z": 10.0
							}
						}
					],
					"enabled": true,
					"gravity": {
						"x": 0.0,
						"y": 0.0,
						"z": -9.8100004196167
					},
					"guid": "5c97403a-0fc6-2543-a979-f45d4f78bebe",
					"max_particles": 1000
				}
			},
			"guid": "22a644f5-4824-a543-a9d6-2a67de133896",
			"hide_in_inspector": false,
			"name": "Particles",
			"parent": "null",
			"position": {
				"x": 0.0,
				"y": 0.0,
				"z": 0.0
			},
			"rotation": {
				"w": 1.0,
				"x": 0.0,
				"y": 0.0,
				"z": 0.0
			},
			"scale": {
				"x": 1.0,
				"y": 1.0,
				"z": 1.0
			}
		}
	],
	"skybox": {
		"mesh": "null",
		"orientation": {
			"w": 0.7071067690849304,
			"x": 0.7071067690849304,
			"y": 0.0,
			"z": 0.0
		},
		"shader": "49bbf5a3-2498-6342-acd3-8f0358b5a335",
		"texture": "d4175d84-63d2-fa4d-8b10-8f1a1ef9a04d"
	}
}